title,company,location,tags,date_posted,source
Data Engineer III,INSPYR Solutions,Houston,,2025-05-15T21:21:57,LinkedIn (RapidAPI)
Spark Data Engineer,Synechron,Charlotte,,2025-05-15T21:04:39,LinkedIn (RapidAPI)
GenAI Data Engineer,Codebase Inc,Santa Clara,,2025-05-15T21:04:16,LinkedIn (RapidAPI)
Data Engineer,Aquent Talent,New York City Metropolitan Area,,2025-05-15T20:59:58,LinkedIn (RapidAPI)
Data Engineer,Aorzon Technologies Inc,New York,,2025-05-15T20:23:26,LinkedIn (RapidAPI)
"Data Engineer (Onsite, US)","AVT, a Wipro company",Austin,,2025-05-15T20:13:45,LinkedIn (RapidAPI)
"Data Engineer (Onsite, US)","AVT, a Wipro company",Fremont,,2025-05-15T20:13:45,LinkedIn (RapidAPI)
Mechanical Sales Engineer - Data Center Cooling (mission-critical manufacturing exp. req.),#twiceasnice Recruiting,Texas,,2025-05-15T20:11:24,LinkedIn (RapidAPI)
Senior Data Engineer,InfoVision Inc.,Irving,,2025-05-15T20:04:57,LinkedIn (RapidAPI)
Senior Fabric Data Engineer,INSPYR Solutions,Miami,,2025-05-15T19:58:04,LinkedIn (RapidAPI)
"Intern, Automation Data Engineer",Cell Signaling Technology (CST),Danvers,,2025-05-15T19:53:04,LinkedIn (RapidAPI)
Principal Data Engineer - AI Systems Performance Engineering,Visa,Austin,,2025-05-15T19:47:15,LinkedIn (RapidAPI)
Data Center Structured Cabling-Project Engineer I | Mortenson,Mortenson,Rayville,,2025-05-15T19:44:41,LinkedIn (RapidAPI)
Data Engineer,Robert Half,New York,,2025-05-15T19:44:37,LinkedIn (RapidAPI)
Data Engineer,Robert Half,Washington,,2025-05-15T19:44:36,LinkedIn (RapidAPI)
Data Infrastructure Engineer,Robert Half,New York,,2025-05-15T19:44:36,LinkedIn (RapidAPI)
Senior Data Engineer,viaPhoton,New York,,2025-05-15T19:42:59,LinkedIn (RapidAPI)
Data Engineer - Hadoop,Matlen Silver,Charlotte,,2025-05-15T19:39:35,LinkedIn (RapidAPI)
Senior Data Engineer,Aura Intelligence,New York,,2025-05-15T19:23:09,LinkedIn (RapidAPI)
Senior Data Engineer,JS Consulting,Jersey City,,2025-05-15T19:19:04,LinkedIn (RapidAPI)
"Data Engineer (HybridMust commute to Sleepy Eye, MN)",Christensen Farms,Sleepy Eye,,2025-05-15T19:16:09,LinkedIn (RapidAPI)
Principal Engineer Software - AI Data Pipeline,Palo Alto Networks,Santa Clara,,2025-05-15T19:15:28,LinkedIn (RapidAPI)
Data Engineer,Gradient AI,Boston,,2025-05-15T19:14:40,LinkedIn (RapidAPI)
Senior Data Engineer,Foundation Software,Strongsville,,2025-05-15T19:14:11,LinkedIn (RapidAPI)
Data Engineer,TieTalent,Zwolle,,2025-05-15T19:07:20,LinkedIn (RapidAPI)
ETL &#038; Data Quality Engineer (Informatica + Matillion)Â ,Highbrow LLC,Austin,,2025-05-15T19:05:36,LinkedIn (RapidAPI)
Senior Data / ML Engineer,Highbrow LLC,Atlanta,,2025-05-15T19:05:27,LinkedIn (RapidAPI)
Data Application Engineer,Tyler Technologies,Overland Park,,2025-05-15T19:03:21,LinkedIn (RapidAPI)
Senior Data Engineer,Mass General Brigham,Boston,,2025-05-15T18:59:30,LinkedIn (RapidAPI)
Engineering - Market Data Engineering - Software Engineer - Associate - Dallas,Goldman Sachs,Dallas,,2025-05-15T18:58:08,LinkedIn (RapidAPI)
AWS Data Engineer,Apex Systems,Houston,,2025-05-15T18:54:21,LinkedIn (RapidAPI)
Data Center Engineer,Apex Systems,Reston,,2025-05-15T18:54:21,LinkedIn (RapidAPI)
Machine Learning Data Engineer,Apex Systems,Fort Worth,,2025-05-15T18:54:21,LinkedIn (RapidAPI)
Staff Data Engineer,Tenstorrent,Santa Clara,,2025-05-15T18:48:22,LinkedIn (RapidAPI)
Lead Data Engineer,Ryan Specialty,Chicago,,2025-05-15T18:47:07,LinkedIn (RapidAPI)
Data Center Engineer,Insight Global,Memphis,,2025-05-15T18:45:51,LinkedIn (RapidAPI)
Data Engineer - Transformation Logistics,CVS Health,Austin,,2025-05-15T18:42:08,LinkedIn (RapidAPI)
Data Engineer,Elder Research,Arlington,,2025-05-15T18:38:35,LinkedIn (RapidAPI)
Data Engineer,Compunnel Inc.,Smithfield,,2025-05-15T18:38:04,LinkedIn (RapidAPI)
Data & BI Engineer (contract),Wells Fargo,Charlotte,,2025-05-15T18:36:42,LinkedIn (RapidAPI)
Azure Data Engineer,Recru,Sugar Land,,2025-05-15T18:32:57,LinkedIn (RapidAPI)
Medical Analytics Data Engineer,Pfizer,Tampa,,2025-05-15T18:30:19,LinkedIn (RapidAPI)
Medical Analytics Data Engineer,Pfizer,Cambridge,,2025-05-15T18:30:19,LinkedIn (RapidAPI)
Medical Analytics Data Engineer,Pfizer,Pennsylvania,,2025-05-15T18:30:19,LinkedIn (RapidAPI)
Medical Analytics Data Engineer,Pfizer,La Jolla,,2025-05-15T18:30:19,LinkedIn (RapidAPI)
Medical Analytics Data Engineer,Pfizer,New York,,2025-05-15T18:30:19,LinkedIn (RapidAPI)
Medical Analytics Data Engineer,Pfizer,New York,,2025-05-15T18:30:19,LinkedIn (RapidAPI)
Senior KDB Data Engineer,hackajob,New York,,2025-05-15T18:27:13,LinkedIn (RapidAPI)
Data Engineer - $150k+,Feldspar & Flint LLC,Austin,,2025-05-15T18:24:37,LinkedIn (RapidAPI)
Data Engineer,Wiraa,Texas,,2025-05-15T18:23:55,LinkedIn (RapidAPI)
Principal Engineer Software (Prisma Access Data-Plane Applications),Palo Alto Networks,Santa Clara,,2025-05-15T18:21:13,LinkedIn (RapidAPI)
Data Operations Engineer,Truist,Charlotte,,2025-05-15T18:20:51,LinkedIn (RapidAPI)
Data Operations Engineer,Truist,Raleigh,,2025-05-15T18:20:51,LinkedIn (RapidAPI)
Lead Data Systems Engineer,Truist,Raleigh,,2025-05-15T18:20:51,LinkedIn (RapidAPI)
Data Operations Engineer,Truist,Wilson,,2025-05-15T18:20:51,LinkedIn (RapidAPI)
Data Operations Engineer,Truist,Atlanta,,2025-05-15T18:20:51,LinkedIn (RapidAPI)
Data Operations Engineer,Truist,Richmond,,2025-05-15T18:20:51,LinkedIn (RapidAPI)
Data Center Facility Engineer,Allied OneSource,Kansas City,,2025-05-15T18:18:56,LinkedIn (RapidAPI)
Principal Engineer Software - AI Data Pipeline,Palo Alto Networks,Santa Clara,,2025-05-15T18:15:20,LinkedIn (RapidAPI)
Lead Data Engineer,Jobs via Dice,Eagan,,2025-05-15T18:11:01,LinkedIn (RapidAPI)
Data Engineer,Jobs via Dice,Washington,,2025-05-15T18:11:01,LinkedIn (RapidAPI)
Data Engineer,Jobs via Dice,Inver Grove Heights,,2025-05-15T18:11:01,LinkedIn (RapidAPI)
Data & ML Engineer,Jobs via Dice,Costa Mesa,,2025-05-15T18:11:00,LinkedIn (RapidAPI)
Data Engineer,Jobs via Dice,Atlanta,,2025-05-15T18:11:00,LinkedIn (RapidAPI)
Data Center Engineer,Jobs via Dice,Richardson,,2025-05-15T18:11:00,LinkedIn (RapidAPI)
Lead Data Engineer,Jobs via Dice,Eagan,,2025-05-15T18:11:00,LinkedIn (RapidAPI)
"AWS Data Engineer (onsite role - Seattle, WA)",Jobs via Dice,Seattle,,2025-05-15T18:10:59,LinkedIn (RapidAPI)
Azure Data Engineer,Jobs via Dice,Woodbridge,,2025-05-15T18:10:58,LinkedIn (RapidAPI)
Intermediate Snowflake Data Platform Engineer,Jobs via Dice,Dallas,,2025-05-15T18:10:57,LinkedIn (RapidAPI)
Jr Data Engineer (Life and Annuity),Jobs via Dice,Boston,,2025-05-15T18:10:57,LinkedIn (RapidAPI)
Data Engineer,Jobs via Dice,Seattle,,2025-05-15T18:10:55,LinkedIn (RapidAPI)
Snowflake Developer / Data Engineer,Jobs via Dice,New Providence,,2025-05-15T18:10:53,LinkedIn (RapidAPI)
Lead Data Engineer,Jobs via Dice,Jersey City,,2025-05-15T18:10:52,LinkedIn (RapidAPI)
Data Engineer (Local candidates only -Onsite),Jobs via Dice,Cincinnati,,2025-05-15T18:10:52,LinkedIn (RapidAPI)
Python Data Engineer,Jobs via Dice,Houston,,2025-05-15T18:10:51,LinkedIn (RapidAPI)
