title,company,location,tags,date_posted,salary,url
Full Stack Software Engineer,Daisychain,,"engineer, dev, javascript, ruby, postgres, vue, typescript, redis, aws",2025-05-14T15:01:34+00:00,,https://remoteOK.com/remote-jobs/remote-full-stack-software-engineer-daisychain-1093170
Testing Engineer,Trial Library,"San Francisco, CA","testing, system, frontend, security, python, software, test, code, qa, typescript, api, reliability, health, healthcare, engineer, engineering, backend",2025-05-14T00:00:07+00:00,,https://remoteOK.com/remote-jobs/remote-testing-engineer-trial-library-1093169
Accountant,Find,Sliema,"accountant, support, controller, accounting, financial, finance, microsoft, management, operations, non tech",2025-05-13T16:00:31+00:00,,https://remoteOK.com/remote-jobs/remote-accountant-find-1093168
Commercial Content Editor,Find,,"crypto, cryptocurrency, financial, seo, management, content, operations, sales, non tech",2025-05-13T16:00:25+00:00,,https://remoteOK.com/remote-jobs/remote-commercial-content-editor-find-1093167
Salesforce Engineer,Oowlish Technology,,"salesforce, software, growth, engineer",2025-05-13T08:00:16+00:00,,https://remoteOK.com/remote-jobs/remote-salesforce-engineer-oowlish-technology-1093164
Account Coordinator,Bluelight Consulting,"Indianapolis, Indiana","consulting, training, coordinator, support, growth, manager, education, management, content, senior, marketing",2025-05-13T08:00:10+00:00,,https://remoteOK.com/remote-jobs/remote-account-coordinator-bluelight-consulting-1093163
Head of Growth,AVA Foundation,Anywhere,"growth, design, web3, crypto, test, travel, strategy, management, lead, digital nomad",2025-05-13T06:00:04+00:00,,https://remoteOK.com/remote-jobs/remote-head-of-growth-ava-foundation-1093162
Werkstudent im Bereich SAP &amp; Cloud Automation,Public Cloud Group,Alle,"python, cloud, linux",2025-05-12T16:00:04+00:00,,https://remoteOK.com/remote-jobs/remote-werkstudent-im-bereich-sap-amp-cloud-automation-public-cloud-group-1093160
Senior Golang Engineer,WunderGraph,,"golang, graphql, senior, golang, engineer",2025-05-12T10:15:02+00:00,,https://remoteOK.com/remote-jobs/remote-senior-golang-engineer-wundergraph-1093159
Software Engineering Team Lead,bloXroute Labs,Remote,"software, support, testing, growth, code, lead, go, engineering, backend",2025-05-12T09:00:02+00:00,,https://remoteOK.com/remote-jobs/remote-software-engineering-team-lead-bloxroute-labs-1093158
Salesforce Lead,Bounteous,India,"salesforce, design, security, consultancy, technical, software, management, lead, analytics, legal, digital nomad",2025-05-11T16:00:19+00:00,,https://remoteOK.com/remote-jobs/remote-salesforce-lead-bounteous-1093155
Mid Market Sales Account Executive,FiscalNote,United States - Remote,"salesforce, training, support, software, leader, management, lead, sales, recruiting, executive",2025-05-11T16:00:12+00:00,,https://remoteOK.com/remote-jobs/remote-mid-market-sales-account-executive-fiscalnote-1093154
Support Specialist,Vesta,Remote,"system, security, support, software, financial, finance, cloud, engineering",2025-05-11T14:00:03+00:00,,https://remoteOK.com/remote-jobs/remote-support-specialist-vesta-1093153
Senior Data Analytics Engineer,Fullscript,,"design, python, technical, support, testing, growth, code, devops, financial, cloud, leader, senior, junior, analytics, health, healthcare, engineer, engineering, digital nomad",2025-05-10T21:00:03+00:00,,https://remoteOK.com/remote-jobs/remote-senior-data-analytics-engineer-fullscript-1093152
Digital Editorial Manager,Cozymeal,,"manager, support, seo, lead, content",2025-05-10T13:00:08+00:00,,https://remoteOK.com/remote-jobs/remote-digital-editorial-manager-cozymeal-1093151
Senior Fullstack Software Engineer,Blotato,,"dev, javascript, typescript, heroku, aws",2025-05-10T01:38:55+00:00,,https://remoteOK.com/remote-jobs/remote-senior-fullstack-software-engineer-blotato-1093150
Investment Manager,Wintermute,USA / Remote,"manager, web3, defi, crypto, cryptocurrency, technical, support, software, growth, financial, investment, finance, admin, management",2025-05-09T21:00:06+00:00,,https://remoteOK.com/remote-jobs/remote-investment-manager-wintermute-1093149
Content Writer,Blink UX,All Locations,"design, consulting, technical, recruiter, writer, growth, ux, voice, seo, ads, content, marketing, analytics, sales, digital nomad",2025-05-09T11:00:11+00:00,,https://remoteOK.com/remote-jobs/remote-content-writer-blink-ux-1093147
Sales Development Representative,Torch,Remote,"support, lead, marketing, sales",2025-05-09T11:00:02+00:00,,https://remoteOK.com/remote-jobs/remote-sales-development-representative-torch-1093146
Sr Software Engineer Cross Platform Applications,Smallstep,,"golang, software, engineer",2025-05-08T17:15:03+00:00,,https://remoteOK.com/remote-jobs/remote-sr-software-engineer-cross-platform-applications-smallstep-1093143
Sr Software Engineer Backend Web Applications,Smallstep,,"golang, software, web, engineer, backend",2025-05-08T17:15:03+00:00,,https://remoteOK.com/remote-jobs/remote-sr-software-engineer-backend-web-applications-smallstep-1093144
Web3 Marketing Manager,"Manta Network, Powered by p0x labs",Anywhere,"web3, manager, voice, content, marketer, marketing, full-time, non tech",2025-05-08T17:00:02+00:00,,https://remoteOK.com/remote-jobs/remote-web3-marketing-manager-manta-network-powered-by-p0x-labs-1093142
Web3 Marketing Manager,"Manta Network, Powered by p0x labs",Anywhere,"web3, manager, content, marketer, marketing, full-time, non tech",2025-05-08T11:00:01+00:00,,https://remoteOK.com/remote-jobs/remote-web3-marketing-manager-manta-network-powered-by-p0x-labs-1093141
Smart Contract Engineer,Risk Labs,Remote,"design, defi, crypto, training, game, technical, support, software, code, junior, engineer, engineering, digital nomad",2025-05-08T09:00:03+00:00,,https://remoteOK.com/remote-jobs/remote-smart-contract-engineer-risk-labs-1093140
Australia Deputy MLRO,MoonPay,Australia - Remote,"web3, crypto, training, recruiter, support, software, growth, voice, financial, video, finance, management, senior, analytics",2025-05-07T16:00:08+00:00,,https://remoteOK.com/remote-jobs/remote-australia-deputy-mlro-moonpay-1093138
Account Executive,Creator Deck,Remote,"content, health, executive",2025-05-07T15:00:09+00:00,,https://remoteOK.com/remote-jobs/remote-account-executive-creator-deck-1093137
Design Centric Senior Front End Engineer,Dapper Labs,"US / Canada, Remote","design, front-end, frontend, software, code, javascript, css, senior, engineer, digital nomad",2025-05-07T14:00:04+00:00,,https://remoteOK.com/remote-jobs/remote-design-centric-senior-front-end-engineer-dapper-labs-1093136
Senior Software Engineer Hosted Team,Cast AI,,"golang, software, senior, engineer",2025-05-07T09:15:04+00:00,,https://remoteOK.com/remote-jobs/remote-senior-software-engineer-hosted-team-cast-ai-1093133
Sr Software Engineer,Smallstep,,"golang, software, engineer",2025-05-07T08:15:02+00:00,,https://remoteOK.com/remote-jobs/remote-sr-software-engineer-smallstep-1093132
Senior Front End Engineer,Maxflow BV / CrazyGames,,"design, react, front-end, frontend, designer, code, manager, typescript, senior, analytics, engineer, engineering, digital nomad",2025-05-07T08:01:50+00:00,,https://remoteOK.com/remote-jobs/remote-senior-front-end-engineer-maxflow-bv-crazygames-1093131
Technical Documentation Engineer,Tether Operations Limited,,"bitcoin, technical, writer, support, growth, code, financial, fintech, git, node.js, leader, ops, engineer",2025-05-07T08:01:42+00:00,,https://remoteOK.com/remote-jobs/remote-technical-documentation-engineer-tether-operations-limited-1093130
Dutch Content Creator,TransPerfect,,content,2025-05-07T08:01:32+00:00,,https://remoteOK.com/remote-jobs/remote-dutch-content-creator-transperfect-1093129
Product Marketing Manager Europe,Hostaway,,"manager, saas, testing, growth, education, strategy, marketing, sales, health",2025-05-07T08:01:24+00:00,,https://remoteOK.com/remote-jobs/remote-product-marketing-manager-europe-hostaway-1093128
Account Executive,Actindo AG,,"saas, software, sales, backend, executive",2025-05-07T08:00:55+00:00,,https://remoteOK.com/remote-jobs/remote-account-executive-actindo-ag-1093126
Software Engineer III,Nextech,Remote,"software, full-stack, technical, support, code, travel, scrum, accounting, devops, javascript, finance, microsoft, leader, healthcare, engineer",2025-05-07T08:00:39+00:00,,https://remoteOK.com/remote-jobs/remote-software-engineer-iii-nextech-1093125
Data and Business Intelligence Engineer Mid Level Fully,Utility Profit + Sunroom,,"design, saas, leader, operations, telecom, engineer, educational, digital nomad",2025-05-07T08:00:15+00:00,,https://remoteOK.com/remote-jobs/remote-data-and-business-intelligence-engineer-mid-level-fully-utility-profit-sunroom-1093124
Senior Software Engineer,Nava,Remote,"software, design, security, python, training, consultancy, technical, support, growth, code, web, travel, devops, java, cloud, mobile, senior, health, recruiting, engineer, engineering, backend, digital nomad",2025-05-07T08:00:03+00:00,,https://remoteOK.com/remote-jobs/remote-senior-software-engineer-nava-1093123
Learning Cohort Moderator,Generation,,"design, system, teach, support, travel, adult, financial, management, content, analytics, part-time, digital nomad",2025-05-07T06:00:05+00:00,,https://remoteOK.com/remote-jobs/remote-learning-cohort-moderator-generation-1093122
Category Manager Walmart,e.l.f. Beauty,United States - Remote,"manager, growth, microsoft, excel, analytics, sales, full-time",2025-05-07T00:00:07+00:00,,https://remoteOK.com/remote-jobs/remote-category-manager-walmart-e-l-f-beauty-1093121
Mobile App Developer,CrazyGames,,"dev, mobile, iOS, android, web dev, javascript, react",2025-05-06T13:21:31+00:00,,https://remoteOK.com/remote-jobs/remote-mobile-app-developer-crazygames-1093117
Product Partnerships Manager,Presto,APAC,"manager, design, crypto, cryptocurrency, growth, fintech, management, digital nomad",2025-05-06T13:00:03+00:00,,https://remoteOK.com/remote-jobs/remote-product-partnerships-manager-presto-1093116
Member of Technical Staff Transparency Front End Engineer,Anchorage Digital,United States,"crypto, frontend, security, technical, support, software, testing, test, growth, code, web, javascript, financial, finance, bank, marketing, legal, engineer, engineering",2025-05-06T10:00:04+00:00,,https://remoteOK.com/remote-jobs/remote-member-of-technical-staff-transparency-front-end-engineer-anchorage-digital-1093115
Head of Marketing,The People Brand,United States,"amazon, ceo, technical, test, growth, strategy, management, lead, content, marketing, sales",2025-05-06T00:00:50+00:00,,https://remoteOK.com/remote-jobs/remote-head-of-marketing-the-people-brand-1093114
Backend Software Engineer,Firework,Canada,"software, design, saas, graphql, system, python, technical, code, video, engineer, engineering, backend, digital nomad",2025-05-06T00:00:22+00:00,,https://remoteOK.com/remote-jobs/remote-backend-software-engineer-firework-1093113
Sales Development Representative,Firework,MÃ©xico,"saas, salesforce, support, growth, video, lead, content, operations, sales",2025-05-06T00:00:08+00:00,,https://remoteOK.com/remote-jobs/remote-sales-development-representative-firework-1093112
QA Engineer,Contra,,engineer,2025-05-05T22:27:36+00:00,,https://remoteOK.com/remote-jobs/remote-qa-engineer-contra-1093110
Social Media Editor,Contra,,"marketing, other, social media",2025-05-05T22:25:27+00:00,,https://remoteOK.com/remote-jobs/remote-social-media-editor-contra-1093108
Influencer Marketing Intern,NextStep,,"marketing, internship, social media, remote, influencer-marketing, digital marketing, entry level, campaign-management",2025-05-04T11:19:35+00:00,,https://remoteOK.com/remote-jobs/remote-influencer-marketing-intern-nextstep-1093103
Principal Product Designer,15Five,"US, Remote","design, hr, training, designer, test, ux, manager, education, management, health, full-time, digital nomad",2025-05-04T09:00:06+00:00,,https://remoteOK.com/remote-jobs/remote-principal-product-designer-15five-1093102
Operations Intern,CoinGecko,Malaysia,"web3, nft, cryptocurrency, cryptocurrencies, support, web, financial, education, leader, operations, analytics, internship, non tech",2025-05-04T06:00:04+00:00,,https://remoteOK.com/remote-jobs/remote-operations-intern-coingecko-1093101
Software Engineer Android,Ontic,"Noida, India","software, design, developer, testing, ui, code, education, cloud, git, android, engineer, digital nomad",2025-05-03T14:00:05+00:00,,https://remoteOK.com/remote-jobs/remote-software-engineer-android-ontic-1093099
Computational Journalist Data Reporting,500 WP Company LLC,DC-Washington-TWP Headquarters,"embedded, training, software, director, devops, education, cloud, leader, health, engineering, full-time, part-time",2025-05-03T00:00:03+00:00,,https://remoteOK.com/remote-jobs/remote-computational-journalist-data-reporting-500-wp-company-llc-1093098
Fullstack Software Engineer,BlackCloak,United States,"software, design, system, front-end, back-end, architect, technical, code, web, devops, javascript, css, nosql, api, mobile, lead, junior, health, engineer, fullstack, full-time, digital nomad",2025-05-02T18:00:07+00:00,,https://remoteOK.com/remote-jobs/remote-fullstack-software-engineer-blackcloak-1093097
Salesforce Developer,StackAdapt,Canada,"salesforce, developer, design, saas, system, security, training, technical, support, software, scrum, devops, cloud, css, ads, api, administrator, leader, management, lead, operations, operational, marketing, sales, health, digital nomad",2025-05-02T16:00:10+00:00,,https://remoteOK.com/remote-jobs/remote-salesforce-developer-stackadapt-1093096
Senior Technical Product Manager Wallets,Tether Operations Limited,,"manager, defi, crypto, bitcoin, technical, testing, growth, javascript, financial, fintech, leader, management, lead, senior, ops",2025-05-02T15:00:04+00:00,,https://remoteOK.com/remote-jobs/remote-senior-technical-product-manager-wallets-tether-operations-limited-1093095
Copywriter,MissionWired,United States - Remote Flexibility,"copywriter, support, voice, lead, marketing, health, non tech",2025-05-02T14:00:06+00:00,,https://remoteOK.com/remote-jobs/remote-copywriter-missionwired-1093094
Lead Backend Engineer Debugger,Tenderly,Europe OR In-Office Belgrade,"design, web3, ethereum, system, full-stack, technical, support, growth, code, cloud, node, management, lead, reliability, engineer, engineering, backend, digital nomad",2025-05-02T10:00:03+00:00,,https://remoteOK.com/remote-jobs/remote-lead-backend-engineer-debugger-tenderly-1093093
Commerce Editor Temporary,BDG,"New York, NY","amazon, wordpress, strategy, content, marketing, analytics, sales, health, e-commerce, non tech",2025-05-01T21:00:01+00:00,,https://remoteOK.com/remote-jobs/remote-commerce-editor-temporary-bdg-1093091
Senior Software Engineer,Contra,,"dev, engineer, full stack",2025-05-01T18:05:55+00:00,,https://remoteOK.com/remote-jobs/remote-senior-software-engineer-contra-1093088
Licensed Professional Clinical Counselor California,Headlight,"Remote, California","training, consult, support, software, growth, lead, marketing, health, executive",2025-05-01T16:00:15+00:00,,https://remoteOK.com/remote-jobs/remote-licensed-professional-clinical-counselor-california-headlight-1093087
Customer Success Manager,Revinate,Australia,"manager, saas, hr, security, consult, technical, support, growth, education, management, lead, marketing, sales",2025-05-01T00:00:07+00:00,,https://remoteOK.com/remote-jobs/remote-customer-success-manager-revinate-1093085
Product Manager VIP,Gate.io,APAC,manager,2025-04-30T10:00:04+00:00,,https://remoteOK.com/remote-jobs/remote-product-manager-vip-gate-io-1093083
Content Creator,Contra,,"other, social media",2025-04-29T16:57:17+00:00,,https://remoteOK.com/remote-jobs/remote-content-creator-contra-1093078
Social Media Video Editor,Contra,,"video, social media, other",2025-04-29T16:55:28+00:00,,https://remoteOK.com/remote-jobs/remote-social-media-video-editor-contra-1093076
Itinerary Creator Turn Your Travels Into ome,Worldee,,"other, travel, writing, marketing",2025-04-29T14:44:28+00:00,,https://remoteOK.com/remote-jobs/remote-itinerary-creator-turn-your-travels-into-ome-worldee-1093075
Freight Broker,Givens Transportation Solutions,,"sales, transportation",2025-04-29T13:47:19+00:00,,https://remoteOK.com/remote-jobs/remote-freight-broker-givens-transportation-solutions-1093074
Research Scientist Statistical Genetics,Deep Genomics,North America,"software, testing, growth, code, cloud, biology",2025-04-29T11:00:01+00:00,,https://remoteOK.com/remote-jobs/remote-research-scientist-statistical-genetics-deep-genomics-1093073
QA Automation Engineer,Kodify Media Group,,quality assurance,2025-04-29T10:36:20+00:00,,https://remoteOK.com/remote-jobs/remote-qa-automation-engineer-kodify-media-group-1093072
Member of Product Atlas Settlement,Anchorage Digital,United States,"design, crypto, cryptocurrency, security, technical, manager, financial, finance, fintech, banking, bank, strategy, management, operational, legal, engineering, digital nomad",2025-04-29T10:00:04+00:00,,https://remoteOK.com/remote-jobs/remote-member-of-product-atlas-settlement-anchorage-digital-1093070
Senior Software Engineer Full Stack,Cyngn,"Menlo Park, CA","software, design, saas, system, frontend, docker, code, voice, java, cloud, nosql, typescript, api, management, senior, operational, go, health, engineer, backend, full-time, digital nomad",2025-04-28T18:00:03+00:00,,https://remoteOK.com/remote-jobs/remote-senior-software-engineer-full-stack-cyngn-1093069
Sales Operations,Anchorage Digital,United States,"design, crypto, salesforce, security, technical, support, growth, accounting, financial, investment, investor, finance, bank, strategy, management, lead, senior, operations, operational, marketing, analytics, legal, sales, digital nomad",2025-04-28T10:00:03+00:00,,https://remoteOK.com/remote-jobs/remote-sales-operations-anchorage-digital-1093068
Product Engineer Frontend,Quash,,"frontend, design, react, system, front-end, architect, technical, support, testing, test, qa, typescript, strategy, engineer, backend, digital nomad",2025-04-28T03:00:16+00:00,,https://remoteOK.com/remote-jobs/remote-product-engineer-frontend-quash-1093066
Head of Operations Japan,Xsolla,Tokyo,"game, gaming, support, software, growth, management, operations, operational",2025-04-27T00:00:10+00:00,,https://remoteOK.com/remote-jobs/remote-head-of-operations-japan-xsolla-1093065
Data Analyst,KPA,Remote,"analyst, saas, salesforce, training, consulting, technical, support, software, content, operations, excel, health",2025-04-26T16:00:02+00:00,,https://remoteOK.com/remote-jobs/remote-data-analyst-kpa-1093062
React + Node Developer Web Applications,Oowlish Technology,,"react, developer, web, frontend, security, full-stack, docker, software, growth, code, node, management, engineering, backend, fullstack, digital nomad",2025-04-26T00:00:05+00:00,,https://remoteOK.com/remote-jobs/remote-react-node-developer-web-applications-oowlish-technology-1093058
Photo Editor,PlayOn,"Alpharetta, GA","teach, students, support, travel, video, leader, management, content, excel, health, full-time, part-time, non tech",2025-04-25T22:00:02+00:00,,https://remoteOK.com/remote-jobs/remote-photo-editor-playon-1093056
DevOps Engineer Staking,Crypto.com,,"cryptocurrency, system, security, support, devops, cloud, engineer, recruitment, linux",2025-04-25T13:00:01+00:00,,https://remoteOK.com/remote-jobs/remote-devops-engineer-staking-crypto-com-1093055
Business Operations Administrator,Anagram,Anywhere,"support, accounting, payroll, finance, administrator, management, operations, operational, recruiting, non tech",2025-04-25T12:00:04+00:00,,https://remoteOK.com/remote-jobs/remote-business-operations-administrator-anagram-1093054
Project Coordinator,Lead Bank,Remote,"design, embedded, training, technical, coordinator, support, manager, financial, fintech, banking, finance, bank, management, exec, lead, content, senior, operations, operational, legal, digital nomad",2025-04-24T19:00:12+00:00,,https://remoteOK.com/remote-jobs/remote-project-coordinator-lead-bank-1093052
Associate Program Manager,Lead Bank,Remote,"manager, design, embedded, training, technical, support, financial, fintech, banking, finance, bank, management, exec, lead, content, senior, operations, operational, legal, digital nomad",2025-04-24T19:00:02+00:00,,https://remoteOK.com/remote-jobs/remote-associate-program-manager-lead-bank-1093051
Venture Capital Social Media Manager,VC Lab,Palo Alto,"manager, growth, director, voice, investment, leader, strategy, management, content, analytics, educational",2025-04-24T10:00:03+00:00,,https://remoteOK.com/remote-jobs/remote-venture-capital-social-media-manager-vc-lab-1093048
Manager Maintenance,Commonwealth Fusion Systems,"Devens, MA","manager, design, system, technical, growth, travel, assembly, scheme, leader, management, lead, excel, engineering, executive, full-time, digital nomad",2025-04-24T08:01:19+00:00,,https://remoteOK.com/remote-jobs/remote-manager-maintenance-commonwealth-fusion-systems-1093047
Implementation Specialist,SpryPoint,USA,"support, software, testing, growth, travel, manager, financial, investment, management, senior, operations, analytics, sales, go",2025-04-24T08:00:31+00:00,,https://remoteOK.com/remote-jobs/remote-implementation-specialist-sprypoint-1093046
Senior Full Stack Developer,Zammad,,"dev, full stack, full time",2025-04-24T07:52:28+00:00,,https://remoteOK.com/remote-jobs/remote-senior-full-stack-developer-zammad-1093045
Senior Software Engineer KSPM,Cast AI,,"golang, software, security, senior, engineer",2025-04-23T18:15:05+00:00,,https://remoteOK.com/remote-jobs/remote-senior-software-engineer-kspm-cast-ai-1093037
Software Engineer III,Jack Henry,,"golang, software, engineer",2025-04-23T18:15:04+00:00,,https://remoteOK.com/remote-jobs/remote-software-engineer-iii-jack-henry-1093036
Software Engineer Infrastructure,Gauntlet,New York City / San Francisco / Los Angeles / Remote,"software, design, defi, crypto, system, technical, support, code, financial, finance, cloud, operations, reliability, engineer, digital nomad",2025-04-23T14:00:28+00:00,,https://remoteOK.com/remote-jobs/remote-software-engineer-infrastructure-gauntlet-1093033
Software Engineer Data,Gauntlet,New York City / San Francisco / Los Angeles / Remote,"software, design, defi, crypto, system, python, technical, support, code, financial, operations, analytics, reliability, engineer, backend, digital nomad",2025-04-23T10:00:17+00:00,,https://remoteOK.com/remote-jobs/remote-software-engineer-data-gauntlet-1093031
Software Engineer III Frontend,Shippo,United States,"frontend, software, design, technical, test, growth, code, web, qa, financial, api, lead, marketing, recruiting, engineer, engineering, e-commerce, digital nomad",2025-04-23T08:01:41+00:00,,https://remoteOK.com/remote-jobs/remote-software-engineer-iii-frontend-shippo-1093030
HQ Senior Frontend Engineer,Job&amp;Talent,"Madrid HQ, ES","frontend, design, amazon, react, redis, system, technical, software, testing, web, voice, javascript, cloud, git, ruby, rails, api, senior, engineer, digital nomad",2025-04-23T08:01:34+00:00,,https://remoteOK.com/remote-jobs/remote-hq-senior-frontend-engineer-jobamptalent-1093029
Software Engineer Microservices,Kong,Toronto,"software, saas, system, technical, developer, code, web, cloud, git, typescript, api, leader, management, sales, healthcare, engineer, engineering, digital nomad",2025-04-23T08:01:13+00:00,,https://remoteOK.com/remote-jobs/remote-software-engineer-microservices-kong-1093028
Product Manager,Nextech,Remote,"manager, jira, technical, support, software, travel, accounting, finance, leader, lead, operational, marketing, healthcare, educational",2025-04-23T08:00:49+00:00,,https://remoteOK.com/remote-jobs/remote-product-manager-nextech-1093027
Brand Designer,Contra,,"other, data, consulting, design",2025-04-22T19:49:20+00:00,,https://remoteOK.com/remote-jobs/remote-brand-designer-contra-1093024
Motion Designer,Contra,,"other, data, consulting, design",2025-04-22T19:43:05+00:00,,https://remoteOK.com/remote-jobs/remote-motion-designer-contra-1093022
